{
    "data": {
        "name": "tm.core",
        "version": 3
    },
    "mods": [
        {
            "name": "Anti-cheat Bypass",
            "description": "Disables AntiCheat.",
            "opcodes": [
                {
                    "on": "EB 2E",
                    "off": "74 2E",
                    "address": "0x202AAA",
                    "lib": ""
                },
                {
                    "on": "EB",
                    "off": "74",
                    "address": "0x15FC2E",
                    "lib": ""
                },
                {
                    "on": "90 90 90 90 90",
                    "off": "E8 58 04 00 00",
                    "address": "0x20D3B3",
                    "lib": ""
                },
                {
                    "on": "90 90",
                    "off": "74 6E",
                    "address": "0x1FF7A2",
                    "lib": ""
                },
                {
                    "on": "B0 01",
                    "off": "88 D8",
                    "address": "0x18B2B4",
                    "lib": ""
                },
                {
                    "on": "E9 D7 00 00 00 90",
                    "off": "0F 85 D6 00 00 00",
                    "address": "0x20C4E6",
                    "lib": ""
                },
                {
                    "on": "EB 0C",
                    "off": "74 0C",
                    "address": "0x1FD557",
                    "lib": ""
                },
                {
                    "on": "C7 87 E0 02 00 00 01 00 00 00 C7 87 E4 02 00 00 00 00 00 00 90 90 90 90 90 90",
                    "off": "80 BF DD 02 00 00 00 0F 85 0A FE FF FF 80 BF 34 05 00 00 00 0F 84 FD FD FF FF",
                    "address": "0x1FD742",
                    "lib": ""
                },
                {
                    "on": "90 90 90 90 90 90",
                    "off": "0F 84 FD FD FF FF",
                    "address": "0x1FD756",
                    "lib": ""
                },
                {
                    "on": "90 90 90 90 90 90",
                    "off": "0F 84 B9 FD FF FF",
                    "address": "0x1FD79A",
                    "lib": ""
                },
                {
                    "on": "90 90 90 90 90 90",
                    "off": "0F 85 A4 FD FF FF",
                    "address": "0x1FD7AF",
                    "lib": ""
                }
            ]
        },
        {
            "name": "Icon Bypass",
            "description": "Unlocks all icons.",
            "opcodes": [
                {
                    "on": "B0 01 90 90 90",
                    "off": "E8 7A CD 19 00",
                    "address": "0xC50A8",
                    "lib": ""
                },
                {
                    "on": "B0 01 90 90 90",
                    "off": "E8 68 C9 19 00",
                    "address": "0xC54BA",
                    "lib": ""
                }
            ]
        },
        {
            "name": "Accurate Percentage",
            "description": "Allows for decimals in the level percentage.",
            "opcodes": [
                {
                    "on": "FF 50 64 F3 0F 10 00 8B 87 C0 03 00 00 83 EC 08 42",
                    "off": "FF 50 64 F3 0F 10 00 8B 87 C0 03 00 00 83 EC 08 42",
                    "address": "0x2080FB",
                    "lib": ""
                },
                {
                    "on": "F3 0F 5E 87 B4 03 00 00 C7 02 25 2E 32 66 C7 42 04 25 25 00 00 8B B0 04 01 00 00 F3 0F 5A C0 F2 0F 11 04 24 52",
                    "off": "F3 0F 5E 87 B4 03 00 00 C7 02 25 2E 30 66 C7 42 04 25 25 00 00 8B B0 04 01 00 00 F3 0F 5A C0 F2 0F 11 04 24 52",
                    "address": "0x208114",
                    "lib": ""
                },
                {
                    "on": "83 C4 0C",
                    "off": "83 C4 0C",
                    "address": "0x20813F",
                    "lib": ""
                }
            ]
        },
        {
            "name": "No Progress Bar",
            "description": "Removes the progress bar on the level, excluding the percentage.",
            "opcodes": [
                {
                    "on": "0F 57 C0 90 90 90",
                    "off": "F3 0F 10 44 24 48",
                    "address": "0x1FCE89",
                    "lib": ""
                },
                {
                    "on": "0D",
                    "off": "05",
                    "address": "0x1FCF38",
                    "lib": ""
                },
                {
                    "on": "3F",
                    "off": "00",
                    "address": "0x1FCF6B",
                    "lib": ""
                }
            ]
        },
        {
            "name": "Practice Music Hack",
            "description": "Plays the level's song in-sync with your position, instead of the standard practice song.",
            "opcodes": [
                {
                    "on": "90 90 90 90 90 90",
                    "off": "0F 85 F7 00 00 00",
                    "address": "0x20C925",
                    "lib": ""
                },
                {
                    "on": "90 90",
                    "off": "75 41",
                    "address": "0x20D143",
                    "lib": ""
                },
                {
                    "on": "90 90",
                    "off": "75 3E",
                    "address": "0x20A563",
                    "lib": ""
                },
                {
                    "on": "90 90",
                    "off": "75 0C",
                    "address": "0x20A595",
                    "lib": ""
                }
            ]
        },
        {
            "name": "Practice Pulse",
            "description": "Pulsing object will pulse in practice mode.",
            "opcodes": [
                {
                    "on": "90 90",
                    "off": "75 08",
                    "address": "0x205536",
                    "lib": ""
                },
                {
                    "on": "90 90",
                    "off": "75 03",
                    "address": "0x20555D",
                    "lib": ""
                },
                {		
                    "on": "EB",
                    "off": "74",
                    "address": "0x20553E",
                    "lib": ""
                }
            ]
        },
        {
            "name": "Safe Mode",
            "description": "Disables progress when playing a level.",
            "opcodes": [
                {
                    "on": "E9 9A 01 00 00 90 90",
                    "off": "80 BB 94 04 00 00 00",
                    "address": "0x20A3B2",
                    "lib": ""
                },
                {
                    "on": "E9 13 06 00 00 90 90",
                    "off": "83 B9 64 03 00 00 01",
                    "address": "0x1FD40F",
                    "lib": ""
                }
            ]
        }
    ]
}
