{
    "data": {
        "name": "tm.variables",
        "version": 1
    },
    "variables": [
        {
            "name": "Player",
            "data": [
                {
                    "name": "X Pos",
                    "pointers": [
                        {
                            "offsets": "3222D0 164 224 67C",
                            "type": "float"
                        }
                    ]
                },
                {
                    "name": "Y Pos",
                    "pointers": [
                        {
                            "offsets": "3222D0 164 224 680",
                            "type": "float"
                        }
                    ]
                },
                {
                    "name": "Speed",
                    "pointers": [
                        {
                            "offsets": "3222D0 164 224 648",
                            "type": "float"
                        }
                    ]
                },
                {
                    "name": "Size",
                    "pointers": [
                        {
                            "offsets": "3222D0 164 224 644",
                            "type": "float"
                        }
                    ]
                }
            ]
        },
        {
            "name": "Level",
            "data": [
                {
                    "name": "Attempts",
                    "pointers": [
                        {
                            "offsets": "3222D0 164 22C 114 218",
                            "type": "int"
                        },
                        {
                            "offsets": "3222D0 164 22C 114 214",
                            "type": "int",
                            "is_reset": true
                        },
                        {
                            "offsets": "3222D0 164 22C 114 210",
                            "type": "int"
                        }
                    ]
                },
                {
                    "name": "Jumps",
                    "pointers": [
                        {
                            "offsets": "3222D0 164 22C 114 224",
                            "type": "int"
                        },
                        {
                            "offsets": "3222D0 164 22C 114 220",
                            "type": "int",
                            "is_reset": true
                        },
                        {
                            "offsets": "3222D0 164 22C 114 21C",
                            "type": "int"
                        }
                    ]
                },
                {
                    "name": "Normal Percentage",
                    "pointers": [
                        {
                            "offsets": "3222D0 164 22C 114 248",
                            "type": "int"
                        },
                        {
                            "offsets": "3222D0 164 22C 114 24C",
                            "type": "int",
                            "is_reset": true
                        },
                        {
                            "offsets": "3222D0 164 22C 114 250",
                            "type": "int"
                        }
                    ]
                },
                {
                    "name": "Practice Percentage",
                    "pointers": [
                        {
                            "offsets": "3222D0 164 22C 114 26C",
                            "type": "int"
                        }
                    ]
                },
                {
                    "name": "Song ID",
                    "pointers": [
                        {
                            "offsets": "3222D0 164 488 1C4",
                            "type": "int"
                        }
                    ]
                }
            ]
        },
        {
            "name": "Global",
            "data": [
                {
                    "name": "Wave Pulse Size",
                    "pointers": [
                        {
                            "offsets": "2E63A0",
                            "type": "float"
                        }
                    ]
                },
                {
                    "name": "Gravity",
                    "is_reference": true,
                    "pointers": [
                        {
                            "offsets": "1E9050",
                            "type": "float"
                        }
                    ]
                },
                {
                    "name": "Respawn Time",
                    "is_reference": true,
                    "pointers": [
                        {
                            "offsets": "20A677",
                            "type": "float"
                        }
                    ]
                }
            ]
        },
        {
            "name": "Editor",
            "data": [
                {
                    "name": "Block X",
                    "pointers": [
                        {
                            "offsets": "3222D0 168 380 2C4 34",
                            "type": "float"
                        }
                    ]
                },
                {
                    "name": "Block Y",
                    "pointers": [
                        {
                            "offsets": "3222D0 168 380 2C4 38",
                            "type": "float"
                        }
                    ]
                },
                {
                    "name": "Block Z",
                    "pointers": [
                        {
                            "offsets": "3222D0 168 380 2C4 3BC",
                            "type": "int"
                        }
                    ]
                },
                {
                    "name": "Block Scale",
                    "pointers": [
                        {
                            "offsets": "3222D0 168 380 2C4 35C",
                            "type": "float"
                        }
                    ]
                },
                {
                    "name": "Block Rotation",
                    "pointers": [
                        {
                            "offsets": "3222D0 168 380 2C4 20",
                            "type": "float"
                        },
                        {
                            "offsets": "3222D0 168 380 2C4 24",
                            "type": "float"
                        }
                    ]
                },
                {
                    "name": "Block Editor L",
                    "pointers": [
                        {
                            "offsets": "3222D0 168 380 2C4 40C",
                            "type": "int"
                        }
                    ]
                },
                {
                    "name": "Block Editor L2",
                    "pointers": [
                        {
                            "offsets": "3222D0 168 380 2C4 410",
                            "type": "int"
                        }
                    ]
                },
                {
                    "name": "Editor Length",
                    "pointers": [
                        {
                            "offsets": "2E67A4",
                            "type": "float"
                        },
                        {
                            "offsets": "8FA4D",
                            "type": "float"
                        }
                    ]
                },
                {
                    "name": "Object ID",
                    "pointers": [
                        {
                            "offsets": "3222D0 168 380 27C",
                            "type": "int"
                        }
                    ]
                },
                {
                    "name": "Editor Layer",
                    "pointers": [
                        {
                            "offsets": "3222D0 168 354",
                            "type": "int"
                        }
                    ]
                },
                {
                    "name": "Grid Size",
                    "is_reference": true,
                    "pointers": [
                        {
                            "offsets": "1DCA49",
                            "type": "float"
                        },
                        {
                            "offsets": "1DCA1C",
                            "type": "float"
                        }
                    ]
                }
            ]
        }
    ]
}